[{
        "model": "imaging_system_app.services",
        "pk": 1,
        "fields": {
            "name": "JEOL 1200 TEM",
            "normal_price": 50.0,
            "external_price": 75.0,
            "unit_name": "hour"
        }
    }, {
        "model": "imaging_system_app.services",
        "pk": 2,
        "fields": {
            "name": "JEOL IT 100 SEM",
            "normal_price": 55.0,
            "external_price": 82.5,
            "unit_name": "hour"
        }
    }, {
        "model": "imaging_system_app.services",
        "pk": 3,
        "fields": {
            "name": "TEM processing (morphology)",
            "normal_price": 100.0,
            "external_price": 150.0,
            "unit_name": "sample"
        }
    }, {
        "model": "imaging_system_app.services",
        "pk": 4,
        "fields": {
            "name": "Sectioning only: stained",
            "normal_price": 40.0,
            "external_price": 60.0,
            "unit_name": "session"
        }
    }, {
        "model": "imaging_system_app.services",
        "pk": 5,
        "fields": {
            "name": "Sectioning only: contrast stained",
            "normal_price": 50.0,
            "external_price": 75.0,
            "unit_name": "session"
        }
    }, {
        "model": "imaging_system_app.services",
        "pk": 6,
        "fields": {
            "name": "Negative staining",
            "normal_price": 10.0,
            "external_price": 15.0,
            "unit_name": "sample"
        }
    }, {
        "model": "imaging_system_app.services",
        "pk": 7,
        "fields": {
            "name": "SEM processing: mounting",
            "normal_price": 100.0,
            "external_price": 150.0,
            "unit_name": "sample"
        }
    }, {
        "model": "imaging_system_app.services",
        "pk": 9,
        "fields": {
            "name": "SEM processing: freeze drying",
            "normal_price": 200.0,
            "external_price": 300.0,
            "unit_name": "run"
        }
    }, {
        "model": "imaging_system_app.services",
        "pk": 10,
        "fields": {
            "name": "SEM (mounting/coating only)",
            "normal_price": 40.0,
            "external_price": 60.0,
            "unit_name": "run"
        }
    }, {
        "model": "imaging_system_app.services",
        "pk": 11,
        "fields": {
            "name": "Immuno-labelling (TEM and SEM)",
            "normal_price": 70.0,
            "external_price": 105.0,
            "unit_name": "sample"
        }
    }, {
        "model": "imaging_system_app.services",
        "pk": 12,
        "fields": {
            "name": "Cryopreparation: cryosectioning",
            "normal_price": 150.0,
            "external_price": 225.0,
            "unit_name": "session"
        }
    }, {
        "model": "imaging_system_app.services",
        "pk": 13,
        "fields": {
            "name": "Cryopreparation: freeze-fracture",
            "normal_price": 100.0,
            "external_price": 150.0,
            "unit_name": "sample"
        }
    }, {
        "model": "imaging_system_app.services",
        "pk": 14,
        "fields": {
            "name": "Cryopreparation: LR white",
            "normal_price": 80.0,
            "external_price": 120.0,
            "unit_name": "sample"
        }
    }, {
        "model": "imaging_system_app.customer",
        "pk": 1,
        "fields": {
            "cust_name": "One Company",
            "cust_tel_no": "44734567891",
            "cust_email": "One@dummy-mail.com",
            "cust_budget_code": 102,
            "cust_type": 1.0
        }
    }, {
        "model": "imaging_system_app.customer",
        "pk": 2,
        "fields": {
            "cust_name": "Company Two",
            "cust_tel_no": "44734567891",
            "cust_email": "CompanyTwo@dummy-mail.com",
            "cust_budget_code": 103,
            "cust_type": 1.0
        }
    }, {
        "model": "imaging_system_app.customer",
        "pk": 3,
        "fields": {
            "cust_name": "Third Company",
            "cust_tel_no": "44734567891",
            "cust_email": "ThirdC@dummy-mail.com",
            "cust_budget_code": 112,
            "cust_type": 1.0
        }
    }, {
        "model": "imaging_system_app.customer",
        "pk": 4,
        "fields": {
            "cust_name": "4Company",
            "cust_tel_no": "44734567891",
            "cust_email": "4company@dummy-mail.com",
            "cust_budget_code": 105,
            "cust_type": 1.0
        }
    }, {
        "model": "imaging_system_app.customer",
        "pk": 5,
        "fields": {
            "cust_name": "FiveGuys Burger",
            "cust_tel_no": "44734567891",
            "cust_email": "FiveGuys@dummy-mail.com",
            "cust_budget_code": 121,
            "cust_type": 1.5
        }
    }, {
        "model": "imaging_system_app.customer",
        "pk": 6,
        "fields": {
            "cust_name": "6th and Co.",
            "cust_tel_no": "44734567891",
            "cust_email": "6andCo@dummy-mail.com",
            "cust_budget_code": 116,
            "cust_type": 1.5
        }
    }, {
        "model": "imaging_system_app.worker",
        "pk": 1,
        "fields": {
            "worker_name": "Sarah",
            "worker_tel_no": "44734567891",
            "worker_email": "Sarah.One@dummy-mail.com",
            "cust_id": 1
        }
    }, {
        "model": "imaging_system_app.worker",
        "pk": 2,
        "fields": {
            "worker_name": "James",
            "worker_tel_no": "44734567891",
            "worker_email": "James.One@dummy-mail.com",
            "cust_id": 1
        }
    }, {
        "model": "imaging_system_app.worker",
        "pk": 3,
        "fields": {
            "worker_name": "Keith",
            "worker_tel_no": "44734567891",
            "worker_email": "Keith.One@dummy-mail.com",
            "cust_id": 1
        }
    }, {
        "model": "imaging_system_app.worker",
        "pk": 4,
        "fields": {
            "worker_name": "Erica",
            "worker_tel_no": "44734567891",
            "worker_email": "Erica-CompanyTwo@dummy-mail.com",
            "cust_id": 2
        }
    }, {
        "model": "imaging_system_app.worker",
        "pk": 5,
        "fields": {
            "worker_name": "Molly",
            "worker_tel_no": "44734567891",
            "worker_email": "Molly-CompanyTwo@dummy-mail.com",
            "cust_id": 2
        }
    }, {
        "model": "imaging_system_app.worker",
        "pk": 6,
        "fields": {
            "worker_name": "John",
            "worker_tel_no": "44734567891",
            "worker_email": "John-CompanyTwo@dummy-mail.com",
            "cust_id": 2
        }
    }, {
        "model": "imaging_system_app.project",
        "pk": 1,
        "fields": {
            "cust_id": 1,
            "project_date": "2021-08-11",
            "num_samples": 3,
            "specimen_procedure": "",
            "chemical_fixation": "",
            "neg_staining": "",
            "cryofixation": "",
            "tem_embedding_schedule": "",
            "dehydration": "",
            "resin": "",
            "sem": "",
            "sem_mount": "",
            "fd": "",
            "cpd": "",
            "sem_cost": "",
            "temp_time": "",
            "immunolabelling": "",
            "first_dilution_time": "",
            "second_dilution_time": "",
            "contrast_staining": "",
            "comments_results": "",
            "status": 0,
            "total": 260.0
        }
    }, {
        "model": "imaging_system_app.project",
        "pk": 2,
        "fields": {
            "cust_id": 1,
            "project_date": "2021-08-23",
            "num_samples": 12,
            "specimen_procedure": "",
            "chemical_fixation": "",
            "neg_staining": "",
            "cryofixation": "",
            "tem_embedding_schedule": "",
            "dehydration": "",
            "resin": "",
            "sem": "",
            "sem_mount": "",
            "fd": "",
            "cpd": "",
            "sem_cost": "",
            "temp_time": "",
            "immunolabelling": "",
            "first_dilution_time": "",
            "second_dilution_time": "",
            "contrast_staining": "",
            "comments_results": "",
            "status": 1,
            "total": 55.0
        }
    }, {
        "model": "imaging_system_app.project",
        "pk": 3,
        "fields": {
            "cust_id": 1,
            "project_date": "2021-09-08",
            "num_samples": 18,
            "specimen_procedure": "",
            "chemical_fixation": "",
            "neg_staining": "",
            "cryofixation": "",
            "tem_embedding_schedule": "",
            "dehydration": "",
            "resin": "",
            "sem": "",
            "sem_mount": "",
            "fd": "",
            "cpd": "",
            "sem_cost": "",
            "temp_time": "",
            "immunolabelling": "",
            "first_dilution_time": "",
            "second_dilution_time": "",
            "contrast_staining": "",
            "comments_results": "",
            "status": 2,
            "total": 75.0
        }
    }, {
        "model": "imaging_system_app.project",
        "pk": 4,
        "fields": {
            "cust_id": 2,
            "project_date": "2021-09-29",
            "num_samples": 9,
            "specimen_procedure": "",
            "chemical_fixation": "",
            "neg_staining": "",
            "cryofixation": "",
            "tem_embedding_schedule": "",
            "dehydration": "",
            "resin": "",
            "sem": "",
            "sem_mount": "",
            "fd": "",
            "cpd": "",
            "sem_cost": "",
            "temp_time": "",
            "immunolabelling": "",
            "first_dilution_time": "",
            "second_dilution_time": "",
            "contrast_staining": "",
            "comments_results": "",
            "status": 0,
            "total": 82.5
        }
    }, {
        "model": "imaging_system_app.project",
        "pk": 5,
        "fields": {
            "cust_id": 2,
            "project_date": "2021-10-09",
            "num_samples": 7,
            "specimen_procedure": "",
            "chemical_fixation": "",
            "neg_staining": "",
            "cryofixation": "",
            "tem_embedding_schedule": "",
            "dehydration": "",
            "resin": "",
            "sem": "",
            "sem_mount": "",
            "fd": "",
            "cpd": "",
            "sem_cost": "",
            "temp_time": "",
            "immunolabelling": "",
            "first_dilution_time": "",
            "second_dilution_time": "",
            "contrast_staining": "",
            "comments_results": "",
            "status": 1,
            "total": 100.0
        }
    }, {
        "model": "imaging_system_app.project",
        "pk": 6,
        "fields": {
            "cust_id": 2,
            "project_date": "2021-10-15",
            "num_samples": 11,
            "specimen_procedure": "",
            "chemical_fixation": "",
            "neg_staining": "",
            "cryofixation": "",
            "tem_embedding_schedule": "",
            "dehydration": "",
            "resin": "",
            "sem": "",
            "sem_mount": "",
            "fd": "",
            "cpd": "",
            "sem_cost": "",
            "temp_time": "",
            "immunolabelling": "",
            "first_dilution_time": "",
            "second_dilution_time": "",
            "contrast_staining": "",
            "comments_results": "",
            "status": 2,
            "total": 110.0
        }
    }, {
        "model": "imaging_system_app.workerprojectbridge",
        "pk": 1,
        "fields": {
            "worker_id": 1,
            "project_id": 1
        }
    }, {
        "model": "imaging_system_app.workerprojectbridge",
        "pk": 2,
        "fields": {
            "worker_id": 2,
            "project_id": 2
        }
    }, {
        "model": "imaging_system_app.workerprojectbridge",
        "pk": 3,
        "fields": {
            "worker_id": 3,
            "project_id": 3
        }
    }, {
        "model": "imaging_system_app.workerprojectbridge",
        "pk": 4,
        "fields": {
            "worker_id": 4,
            "project_id": 4
        }
    }, {
        "model": "imaging_system_app.workerprojectbridge",
        "pk": 5,
        "fields": {
            "worker_id": 5,
            "project_id": 5
        }
    }, {
        "model": "imaging_system_app.workerprojectbridge",
        "pk": 6,
        "fields": {
            "worker_id": 6,
            "project_id": 6
        }
    }, {
        "model": "imaging_system_app.workerprojectbridge",
        "pk": 7,
        "fields": {
            "worker_id": 2,
            "project_id": 1
        }
    }, {
        "model": "imaging_system_app.bill",
        "pk": 1,
        "fields": {
            "billing_date": "2021-11-12",
            "billing_address": "120 University Place, Glasgow G12 8TA",
            "extra1_name": "Extra - Annual charge",
            "extra1_cost": 100.0,
            "extra2_name": "",
            "extra2_cost": null,
            "total_cost": 490.0,
            "cust_id": 1
        }
    }, {
        "model": "imaging_system_app.bill",
        "pk": 2,
        "fields": {
            "billing_date": "2021-11-22",
            "billing_address": "111, DumDum street, Dum City",
            "extra1_name": "",
            "extra1_cost": null,
            "extra2_name": "",
            "extra2_cost": null,
            "total_cost": 292.5,
            "cust_id": 2
        }
    }, {
        "model": "imaging_system_app.projectservicesbridge",
        "pk": 1,
        "fields": {
            "project_id": 1,
            "service_id": 1,
            "units": 1.0,
            "cost": 50.0
        }
    }, {
        "model": "imaging_system_app.projectservicesbridge",
        "pk": 2,
        "fields": {
            "project_id": 2,
            "service_id": 2,
            "units": 1.0,
            "cost": 55.0
        }
    }, {
        "model": "imaging_system_app.projectservicesbridge",
        "pk": 3,
        "fields": {
            "project_id": 3,
            "service_id": 1,
            "units": 1.5,
            "cost": 75.0
        }
    }, {
        "model": "imaging_system_app.projectservicesbridge",
        "pk": 4,
        "fields": {
            "project_id": 4,
            "service_id": 2,
            "units": 1.5,
            "cost": 82.5
        }
    }, {
        "model": "imaging_system_app.projectservicesbridge",
        "pk": 5,
        "fields": {
            "project_id": 5,
            "service_id": 1,
            "units": 2.0,
            "cost": 100.0
        }
    }, {
        "model": "imaging_system_app.projectservicesbridge",
        "pk": 6,
        "fields": {
            "project_id": 6,
            "service_id": 2,
            "units": 2.0,
            "cost": 110.0
        }
    }, {
        "model": "imaging_system_app.projectservicesbridge",
        "pk": 7,
        "fields": {
            "project_id": 1,
            "service_id": 3,
            "units": 2.0,
            "cost": 200.0
        }
    }, {
        "model": "imaging_system_app.projectservicesbridge",
        "pk": 8,
        "fields": {
            "project_id": 1,
            "service_id": 6,
            "units": 1.0,
            "cost": 10.0
        }
    }, {
        "model": "imaging_system_app.projectbillbridge",
        "pk": 1,
        "fields": {
            "bill_id": 1,
            "project_id": 1
        }
    }, {
        "model": "imaging_system_app.projectbillbridge",
        "pk": 2,
        "fields": {
            "bill_id": 1,
            "project_id": 2
        }
    }, {
        "model": "imaging_system_app.projectbillbridge",
        "pk": 3,
        "fields": {
            "bill_id": 1,
            "project_id": 3
        }
    }, {
        "model": "imaging_system_app.projectbillbridge",
        "pk": 4,
        "fields": {
            "bill_id": 2,
            "project_id": 4
        }
    }, {
        "model": "imaging_system_app.projectbillbridge",
        "pk": 5,
        "fields": {
            "bill_id": 2,
            "project_id": 5
        }
    }, {
        "model": "imaging_system_app.projectbillbridge",
        "pk": 6,
        "fields": {
            "bill_id": 2,
            "project_id": 6
        }
    }
]
