[{
        "model": "imaging_system_app.services",
        "pk": 1,
        "fields": {
            "name": "jeol1200tem",
            "price": 50.0
        }
    }, {
        "model": "imaging_system_app.services",
        "pk": 2,
        "fields": {
            "name": "jeol100sem",
            "price": 55.0
        }
    },{
        "model": "imaging_system_app.services",
        "pk": 3,
        "fields": {
            "name": "tem processing",
            "price": 100.0
        }
    },{
        "model": "imaging_system_app.services",
        "pk": 4,
        "fields": {
            "name": "sectioning stained",
            "price": 40.0
        }
    }, {
        "model": "imaging_system_app.services",
        "pk": 5,
        "fields": {
            "name": "sectioning contrast stained",
            "price": 50.0
        }
    },{
        "model": "imaging_system_app.services",
        "pk": 6,
        "fields": {
            "name": "negative staining",
            "price": 10.0
        }
    },{
        "model": "imaging_system_app.services",
        "pk": 7,
        "fields": {
            "name": "sem processing mounting",
            "price": 100.0
        }
    },{
        "model": "imaging_system_app.services",
        "pk": 8,
        "fields": {
            "name": "sem processing fd",
            "price": 200.0
        }
    },{
        "model": "imaging_system_app.services",
        "pk": 9,
        "fields": {
            "name": "sem",
            "price": 40.0
        }
    },{
        "model": "imaging_system_app.services",
        "pk": 11,
        "fields": {
            "name": "immunolabelling",
            "price": 70.0
        }
    },{
        "model": "imaging_system_app.services",
        "pk": 12,
        "fields": {
            "name": "cryosectioning",
            "price": 150
        }
    },{
        "model": "imaging_system_app.services",
        "pk": 13,
        "fields": {
            "name": "freeze fracture",
            "price": 100.0
        }
    },{
        "model": "imaging_system_app.services",
        "pk": 14,
        "fields": {
            "name": "ir white",
            "price": 80.0
        }
    },{
        "model": "imaging_system_app.customer",
        "pk": 1,
        "fields": {
            "cust_name": "One Company",
            "cust_tel_no": "44734567891",
            "cust_email": "One@dummy-mail.com",
            "cust_budget_code": 102,
			"cust_type": 0.5
        }
    }, {
        "model": "imaging_system_app.customer",
        "pk": 2,
        "fields": {
            "cust_name": "Company Two",
            "cust_tel_no": "44734567891",
            "cust_email": "CompanyTwo@dummy-mail.com",
            "cust_budget_code": 103,
			"cust_type": 0.5
        }
    }, {
        "model": "imaging_system_app.customer",
        "pk": 3,
        "fields": {
            "cust_name": "Third Company",
            "cust_tel_no": "44734567891",
            "cust_email": "ThirdC@dummy-mail.com",
            "cust_budget_code": 112,
			"cust_type": 1.0
        }
    }, {
        "model": "imaging_system_app.customer",
        "pk": 4,
        "fields": {
            "cust_name": "4Company",
            "cust_tel_no": "44734567891",
            "cust_email": "4company@dummy-mail.com",
            "cust_budget_code": 105,
			"cust_type": 1.0
        }
    }, {
        "model": "imaging_system_app.customer",
        "pk": 5,
        "fields": {
            "cust_name": "FiveGuys Burger",
            "cust_tel_no": "44734567891",
            "cust_email": "FiveGuys@dummy-mail.com",
            "cust_budget_code": 121,
			"cust_type": 1.5
        }
    }, {
        "model": "imaging_system_app.customer",
        "pk": 6,
        "fields": {
            "cust_name": "6th and Co.",
            "cust_tel_no": "44734567891",
            "cust_email": "6andCo@dummy-mail.com",
            "cust_budget_code": 116,
			"cust_type": 1.5
        }
    }, {
        "model": "imaging_system_app.worker",
        "pk": 1,
        "fields": {
            "worker_name": "Sarah",
            "worker_tel_no": "44734567891",
            "worker_email": "Sarah.One@dummy-mail.com",
            "cust_id": 1
        }
    }, {
        "model": "imaging_system_app.worker",
        "pk": 2,
        "fields": {
            "worker_name": "James",
            "worker_tel_no": "44734567891",
            "worker_email": "James.One@dummy-mail.com",
            "cust_id": 1
        }
    }, {
        "model": "imaging_system_app.worker",
        "pk": 3,
        "fields": {
            "worker_name": "Keith",
            "worker_tel_no": "44734567891",
            "worker_email": "Keith.One@dummy-mail.com",
            "cust_id": 1
        }
    }, {
        "model": "imaging_system_app.worker",
        "pk": 4,
        "fields": {
            "worker_name": "Erica",
            "worker_tel_no": "44734567891",
            "worker_email": "Erica-CompanyTwo@dummy-mail.com",
            "cust_id": 2
        }
    }, {
        "model": "imaging_system_app.worker",
        "pk": 5,
        "fields": {
            "worker_name": "Molly",
            "worker_tel_no": "44734567891",
            "worker_email": "Molly-CompanyTwo@dummy-mail.com",
            "cust_id": 2
        }
    }, {
        "model": "imaging_system_app.worker",
        "pk": 6,
        "fields": {
            "worker_name": "John",
            "worker_tel_no": "44734567891",
            "worker_email": "John-CompanyTwo@dummy-mail.com",
            "cust_id": 2
        }
    }, {
        "model": "imaging_system_app.project",
        "pk": 1,
        "fields": {
            "cust_id": 1,
            "project_date": "2021-08-11",
            "num_samples": 9,
            "specimen_procedure": "",
            "chemical_fixation": "",
            "neg_staining": "",
            "cryofixation": "",
            "tem_embedding_schedule": "",
            "dehydration": "",
            "resin": "",
            "sem": "",
            "sem_mount": "",
            "fd": "",
            "cpd": "",
            "sem_cost": "",
            "temp_time": "",
            "immunolabelling": "",
            "first_dilution_time": "",
            "second_dilution_time": "",
            "contrast_staining": "",
            "comments_results": "",
            "status": 1
        }
    }, {
        "model": "imaging_system_app.project",
        "pk": 2,
        "fields": {
            "cust_id": 1,
            "project_date": "2021-08-23",
            "num_samples": 12,
            "specimen_procedure": "",
            "chemical_fixation": "",
            "neg_staining": "",
            "cryofixation": "",
            "tem_embedding_schedule": "",
            "dehydration": "",
            "resin": "",
            "sem": "",
            "sem_mount": "",
            "fd": "",
            "cpd": "",
            "sem_cost": "",
            "temp_time": "",
            "immunolabelling": "",
            "first_dilution_time": "",
            "second_dilution_time": "",
            "contrast_staining": "",
            "comments_results": "",
            "status": 2
        }
    }, {
        "model": "imaging_system_app.project",
        "pk": 3,
        "fields": {
            "cust_id": 1,
            "project_date": "2021-09-08",
            "num_samples": 18,
            "specimen_procedure": "",
            "chemical_fixation": "",
            "neg_staining": "",
            "cryofixation": "",
            "tem_embedding_schedule": "",
            "dehydration": "",
            "resin": "",
            "sem": "",
            "sem_mount": "",
            "fd": "",
            "cpd": "",
            "sem_cost": "",
            "temp_time": "",
            "immunolabelling": "",
            "first_dilution_time": "",
            "second_dilution_time": "",
            "contrast_staining": "",
            "comments_results": "",
            "status": 3
        }
    }, {
        "model": "imaging_system_app.project",
        "pk": 4,
        "fields": {
            "cust_id": 2,
            "project_date": "2021-09-29",
            "num_samples": 9,
            "specimen_procedure": "",
            "chemical_fixation": "",
            "neg_staining": "",
            "cryofixation": "",
            "tem_embedding_schedule": "",
            "dehydration": "",
            "resin": "",
            "sem": "",
            "sem_mount": "",
            "fd": "",
            "cpd": "",
            "sem_cost": "",
            "temp_time": "",
            "immunolabelling": "",
            "first_dilution_time": "",
            "second_dilution_time": "",
            "contrast_staining": "",
            "comments_results": "",
            "status": 1
        }
    }, {
        "model": "imaging_system_app.project",
        "pk": 5,
        "fields": {
            "cust_id": 2,
            "project_date": "2021-10-09",
            "num_samples": 7,
            "specimen_procedure": "",
            "chemical_fixation": "",
            "neg_staining": "",
            "cryofixation": "",
            "tem_embedding_schedule": "",
            "dehydration": "",
            "resin": "",
            "sem": "",
            "sem_mount": "",
            "fd": "",
            "cpd": "",
            "sem_cost": "",
            "temp_time": "",
            "immunolabelling": "",
            "first_dilution_time": "",
            "second_dilution_time": "",
            "contrast_staining": "",
            "comments_results": "",
            "status": 2
        }
    }, {
        "model": "imaging_system_app.project",
        "pk": 6,
        "fields": {
            "cust_id": 2,
            "project_date": "2021-10-15",
            "num_samples": 11,
            "specimen_procedure": "",
            "chemical_fixation": "",
            "neg_staining": "",
            "cryofixation": "",
            "tem_embedding_schedule": "",
            "dehydration": "",
            "resin": "",
            "sem": "",
            "sem_mount": "",
            "fd": "",
            "cpd": "",
            "sem_cost": "",
            "temp_time": "",
            "immunolabelling": "",
            "first_dilution_time": "",
            "second_dilution_time": "",
            "contrast_staining": "",
            "comments_results": "",
            "status": 3
        }
    }, {
        "model": "imaging_system_app.workerprojectbridge",
        "pk": 1,
        "fields": {
            "worker_id": 1,
            "project_id": 1
        }
    }, {
        "model": "imaging_system_app.workerprojectbridge",
        "pk": 2,
        "fields": {
            "worker_id": 2,
            "project_id": 2
        }
    }, {
        "model": "imaging_system_app.workerprojectbridge",
        "pk": 3,
        "fields": {
            "worker_id": 3,
            "project_id": 3
        }
    }, {
        "model": "imaging_system_app.workerprojectbridge",
        "pk": 4,
        "fields": {
            "worker_id": 4,
            "project_id": 4
        }
    }, {
        "model": "imaging_system_app.workerprojectbridge",
        "pk": 5,
        "fields": {
            "worker_id": 5,
            "project_id": 5
        }
    }, {
        "model": "imaging_system_app.workerprojectbridge",
        "pk": 6,
        "fields": {
            "worker_id": 6,
            "project_id": 6
        }
    }, {
        "model": "imaging_system_app.bill",
        "pk": 1,
        "fields": {
            "billing_date": "2021-11-12",
            "billing_address": "143, Fake street, Glasg",
            "total_cost": 180.0,
            "cust_id": 1
        }
    }, {
        "model": "imaging_system_app.bill",
        "pk": 2,
        "fields": {
            "billing_date": "2021-11-22",
            "billing_address": "111, DumDum street, Dum City",
            "total_cost": 292.5,
            "cust_id": 2
        }
    }, {
        "model": "imaging_system_app.projectbilldetails",
        "pk": 1,
        "fields": {
            "project_id": 1,
            "jeol1200tem_unit": 1.0,
            "jeol100sem_unit": null,
            "tem_processing_unit": null,
            "sectioning_stained_unit": null,
            "sectioning_contrast_stained_unit": null,
            "negative_staining_unit": null,
            "sem_processing_mounting_unit": null,
            "sem_processing_fd_unit": null,
            "sem_unit": null,
            "immunolabelling_unit": null,
            "cryosectioning_unit": null,
            "freeze_fracture_unit": null,
            "ir_white_unit": null,
            "extra1_name": "",
            "extra1_cost": null,
            "extra2_name": "",
            "extra2_cost": null,
            "extra3_name": "",
            "extra3_cost": null,
            "total": 50.0
        }
    }, {
        "model": "imaging_system_app.projectbilldetails",
        "pk": 2,
        "fields": {
            "project_id": 2,
            "jeol1200tem_unit": null,
            "jeol100sem_unit": 1.0,
            "tem_processing_unit": null,
            "sectioning_stained_unit": null,
            "sectioning_contrast_stained_unit": null,
            "negative_staining_unit": null,
            "sem_processing_mounting_unit": null,
            "sem_processing_fd_unit": null,
            "sem_unit": null,
            "immunolabelling_unit": null,
            "cryosectioning_unit": null,
            "freeze_fracture_unit": null,
            "ir_white_unit": null,
            "extra1_name": "",
            "extra1_cost": null,
            "extra2_name": "",
            "extra2_cost": null,
            "extra3_name": "",
            "extra3_cost": null,
            "total": 55.0
        }
    }, {
        "model": "imaging_system_app.projectbilldetails",
        "pk": 3,
        "fields": {
            "project_id": 3,
            "jeol1200tem_unit": 1.5,
            "jeol100sem_unit": null,
            "tem_processing_unit": null,
            "sectioning_stained_unit": null,
            "sectioning_contrast_stained_unit": null,
            "negative_staining_unit": null,
            "sem_processing_mounting_unit": null,
            "sem_processing_fd_unit": null,
            "sem_unit": null,
            "immunolabelling_unit": null,
            "cryosectioning_unit": null,
            "freeze_fracture_unit": null,
            "ir_white_unit": null,
            "extra1_name": "",
            "extra1_cost": null,
            "extra2_name": "",
            "extra2_cost": null,
            "extra3_name": "",
            "extra3_cost": null,
            "total": 75.0
        }
    }, {
        "model": "imaging_system_app.projectbilldetails",
        "pk": 4,
        "fields": {
            "project_id": 4,
            "jeol1200tem_unit": null,
            "jeol100sem_unit": 1.5,
            "tem_processing_unit": null,
            "sectioning_stained_unit": null,
            "sectioning_contrast_stained_unit": null,
            "negative_staining_unit": null,
            "sem_processing_mounting_unit": null,
            "sem_processing_fd_unit": null,
            "sem_unit": null,
            "immunolabelling_unit": null,
            "cryosectioning_unit": null,
            "freeze_fracture_unit": null,
            "ir_white_unit": null,
            "extra1_name": "",
            "extra1_cost": null,
            "extra2_name": "",
            "extra2_cost": null,
            "extra3_name": "",
            "extra3_cost": null,
            "total": 82.5
        }
    }, {
        "model": "imaging_system_app.projectbilldetails",
        "pk": 5,
        "fields": {
            "project_id": 5,
            "jeol1200tem_unit": 2.0,
            "jeol100sem_unit": null,
            "tem_processing_unit": null,
            "sectioning_stained_unit": null,
            "sectioning_contrast_stained_unit": null,
            "negative_staining_unit": null,
            "sem_processing_mounting_unit": null,
            "sem_processing_fd_unit": null,
            "sem_unit": null,
            "immunolabelling_unit": null,
            "cryosectioning_unit": null,
            "freeze_fracture_unit": null,
            "ir_white_unit": null,
            "extra1_name": "",
            "extra1_cost": null,
            "extra2_name": "",
            "extra2_cost": null,
            "extra3_name": "",
            "extra3_cost": null,
            "total": 100.0
        }
    }, {
        "model": "imaging_system_app.projectbilldetails",
        "pk": 6,
        "fields": {
            "project_id": 6,
            "jeol1200tem_unit": null,
            "jeol100sem_unit": 2.0,
            "tem_processing_unit": null,
            "sectioning_stained_unit": null,
            "sectioning_contrast_stained_unit": null,
            "negative_staining_unit": null,
            "sem_processing_mounting_unit": null,
            "sem_processing_fd_unit": null,
            "sem_unit": null,
            "immunolabelling_unit": null,
            "cryosectioning_unit": null,
            "freeze_fracture_unit": null,
            "ir_white_unit": null,
            "extra1_name": "",
            "extra1_cost": null,
            "extra2_name": "",
            "extra2_cost": null,
            "extra3_name": "",
            "extra3_cost": null,
            "total": 110.0
        }
    }, {
        "model": "imaging_system_app.projectbillbridge",
        "pk": 1,
        "fields": {
            "bill_id": 1,
            "project_bill_id": 1
        }
    }, {
        "model": "imaging_system_app.projectbillbridge",
        "pk": 2,
        "fields": {
            "bill_id": 1,
            "project_bill_id": 2
        }
    }, {
        "model": "imaging_system_app.projectbillbridge",
        "pk": 3,
        "fields": {
            "bill_id": 1,
            "project_bill_id": 3
        }
    }, {
        "model": "imaging_system_app.projectbillbridge",
        "pk": 4,
        "fields": {
            "bill_id": 2,
            "project_bill_id": 4
        }
    }, {
        "model": "imaging_system_app.projectbillbridge",
        "pk": 5,
        "fields": {
            "bill_id": 2,
            "project_bill_id": 5
        }
    }, {
        "model": "imaging_system_app.projectbillbridge",
        "pk": 6,
        "fields": {
            "bill_id": 2,
            "project_bill_id": 6
        }
    }
]
