[{
        "model": "auth.permission",
        "pk": 1,
        "fields": {
            "name": "Can add log entry",
            "content_type": 1,
            "codename": "add_logentry"
        }
    }, {
        "model": "auth.permission",
        "pk": 2,
        "fields": {
            "name": "Can change log entry",
            "content_type": 1,
            "codename": "change_logentry"
        }
    }, {
        "model": "auth.permission",
        "pk": 3,
        "fields": {
            "name": "Can delete log entry",
            "content_type": 1,
            "codename": "delete_logentry"
        }
    }, {
        "model": "auth.permission",
        "pk": 4,
        "fields": {
            "name": "Can view log entry",
            "content_type": 1,
            "codename": "view_logentry"
        }
    }, {
        "model": "auth.permission",
        "pk": 5,
        "fields": {
            "name": "Can add permission",
            "content_type": 2,
            "codename": "add_permission"
        }
    }, {
        "model": "auth.permission",
        "pk": 6,
        "fields": {
            "name": "Can change permission",
            "content_type": 2,
            "codename": "change_permission"
        }
    }, {
        "model": "auth.permission",
        "pk": 7,
        "fields": {
            "name": "Can delete permission",
            "content_type": 2,
            "codename": "delete_permission"
        }
    }, {
        "model": "auth.permission",
        "pk": 8,
        "fields": {
            "name": "Can view permission",
            "content_type": 2,
            "codename": "view_permission"
        }
    }, {
        "model": "auth.permission",
        "pk": 9,
        "fields": {
            "name": "Can add group",
            "content_type": 3,
            "codename": "add_group"
        }
    }, {
        "model": "auth.permission",
        "pk": 10,
        "fields": {
            "name": "Can change group",
            "content_type": 3,
            "codename": "change_group"
        }
    }, {
        "model": "auth.permission",
        "pk": 11,
        "fields": {
            "name": "Can delete group",
            "content_type": 3,
            "codename": "delete_group"
        }
    }, {
        "model": "auth.permission",
        "pk": 12,
        "fields": {
            "name": "Can view group",
            "content_type": 3,
            "codename": "view_group"
        }
    }, {
        "model": "auth.permission",
        "pk": 13,
        "fields": {
            "name": "Can add user",
            "content_type": 4,
            "codename": "add_user"
        }
    }, {
        "model": "auth.permission",
        "pk": 14,
        "fields": {
            "name": "Can change user",
            "content_type": 4,
            "codename": "change_user"
        }
    }, {
        "model": "auth.permission",
        "pk": 15,
        "fields": {
            "name": "Can delete user",
            "content_type": 4,
            "codename": "delete_user"
        }
    }, {
        "model": "auth.permission",
        "pk": 16,
        "fields": {
            "name": "Can view user",
            "content_type": 4,
            "codename": "view_user"
        }
    }, {
        "model": "auth.permission",
        "pk": 17,
        "fields": {
            "name": "Can add content type",
            "content_type": 5,
            "codename": "add_contenttype"
        }
    }, {
        "model": "auth.permission",
        "pk": 18,
        "fields": {
            "name": "Can change content type",
            "content_type": 5,
            "codename": "change_contenttype"
        }
    }, {
        "model": "auth.permission",
        "pk": 19,
        "fields": {
            "name": "Can delete content type",
            "content_type": 5,
            "codename": "delete_contenttype"
        }
    }, {
        "model": "auth.permission",
        "pk": 20,
        "fields": {
            "name": "Can view content type",
            "content_type": 5,
            "codename": "view_contenttype"
        }
    }, {
        "model": "auth.permission",
        "pk": 21,
        "fields": {
            "name": "Can add session",
            "content_type": 6,
            "codename": "add_session"
        }
    }, {
        "model": "auth.permission",
        "pk": 22,
        "fields": {
            "name": "Can change session",
            "content_type": 6,
            "codename": "change_session"
        }
    }, {
        "model": "auth.permission",
        "pk": 23,
        "fields": {
            "name": "Can delete session",
            "content_type": 6,
            "codename": "delete_session"
        }
    }, {
        "model": "auth.permission",
        "pk": 24,
        "fields": {
            "name": "Can view session",
            "content_type": 6,
            "codename": "view_session"
        }
    }, {
        "model": "auth.permission",
        "pk": 25,
        "fields": {
            "name": "Can add services",
            "content_type": 7,
            "codename": "add_services"
        }
    }, {
        "model": "auth.permission",
        "pk": 26,
        "fields": {
            "name": "Can change services",
            "content_type": 7,
            "codename": "change_services"
        }
    }, {
        "model": "auth.permission",
        "pk": 27,
        "fields": {
            "name": "Can delete services",
            "content_type": 7,
            "codename": "delete_services"
        }
    }, {
        "model": "auth.permission",
        "pk": 28,
        "fields": {
            "name": "Can view services",
            "content_type": 7,
            "codename": "view_services"
        }
    }, {
        "model": "auth.permission",
        "pk": 29,
        "fields": {
            "name": "Can add customer",
            "content_type": 8,
            "codename": "add_customer"
        }
    }, {
        "model": "auth.permission",
        "pk": 30,
        "fields": {
            "name": "Can change customer",
            "content_type": 8,
            "codename": "change_customer"
        }
    }, {
        "model": "auth.permission",
        "pk": 31,
        "fields": {
            "name": "Can delete customer",
            "content_type": 8,
            "codename": "delete_customer"
        }
    }, {
        "model": "auth.permission",
        "pk": 32,
        "fields": {
            "name": "Can view customer",
            "content_type": 8,
            "codename": "view_customer"
        }
    }, {
        "model": "auth.permission",
        "pk": 33,
        "fields": {
            "name": "Can add worker",
            "content_type": 9,
            "codename": "add_worker"
        }
    }, {
        "model": "auth.permission",
        "pk": 34,
        "fields": {
            "name": "Can change worker",
            "content_type": 9,
            "codename": "change_worker"
        }
    }, {
        "model": "auth.permission",
        "pk": 35,
        "fields": {
            "name": "Can delete worker",
            "content_type": 9,
            "codename": "delete_worker"
        }
    }, {
        "model": "auth.permission",
        "pk": 36,
        "fields": {
            "name": "Can view worker",
            "content_type": 9,
            "codename": "view_worker"
        }
    }, {
        "model": "auth.permission",
        "pk": 37,
        "fields": {
            "name": "Can add project",
            "content_type": 10,
            "codename": "add_project"
        }
    }, {
        "model": "auth.permission",
        "pk": 38,
        "fields": {
            "name": "Can change project",
            "content_type": 10,
            "codename": "change_project"
        }
    }, {
        "model": "auth.permission",
        "pk": 39,
        "fields": {
            "name": "Can delete project",
            "content_type": 10,
            "codename": "delete_project"
        }
    }, {
        "model": "auth.permission",
        "pk": 40,
        "fields": {
            "name": "Can view project",
            "content_type": 10,
            "codename": "view_project"
        }
    }, {
        "model": "auth.permission",
        "pk": 41,
        "fields": {
            "name": "Can add worker project bridge",
            "content_type": 11,
            "codename": "add_workerprojectbridge"
        }
    }, {
        "model": "auth.permission",
        "pk": 42,
        "fields": {
            "name": "Can change worker project bridge",
            "content_type": 11,
            "codename": "change_workerprojectbridge"
        }
    }, {
        "model": "auth.permission",
        "pk": 43,
        "fields": {
            "name": "Can delete worker project bridge",
            "content_type": 11,
            "codename": "delete_workerprojectbridge"
        }
    }, {
        "model": "auth.permission",
        "pk": 44,
        "fields": {
            "name": "Can view worker project bridge",
            "content_type": 11,
            "codename": "view_workerprojectbridge"
        }
    }, {
        "model": "auth.permission",
        "pk": 45,
        "fields": {
            "name": "Can add bill",
            "content_type": 12,
            "codename": "add_bill"
        }
    }, {
        "model": "auth.permission",
        "pk": 46,
        "fields": {
            "name": "Can change bill",
            "content_type": 12,
            "codename": "change_bill"
        }
    }, {
        "model": "auth.permission",
        "pk": 47,
        "fields": {
            "name": "Can delete bill",
            "content_type": 12,
            "codename": "delete_bill"
        }
    }, {
        "model": "auth.permission",
        "pk": 48,
        "fields": {
            "name": "Can view bill",
            "content_type": 12,
            "codename": "view_bill"
        }
    }, {
        "model": "auth.permission",
        "pk": 49,
        "fields": {
            "name": "Can add project bill details",
            "content_type": 13,
            "codename": "add_projectbilldetails"
        }
    }, {
        "model": "auth.permission",
        "pk": 50,
        "fields": {
            "name": "Can change project bill details",
            "content_type": 13,
            "codename": "change_projectbilldetails"
        }
    }, {
        "model": "auth.permission",
        "pk": 51,
        "fields": {
            "name": "Can delete project bill details",
            "content_type": 13,
            "codename": "delete_projectbilldetails"
        }
    }, {
        "model": "auth.permission",
        "pk": 52,
        "fields": {
            "name": "Can view project bill details",
            "content_type": 13,
            "codename": "view_projectbilldetails"
        }
    }, {
        "model": "auth.permission",
        "pk": 53,
        "fields": {
            "name": "Can add project bill bridge",
            "content_type": 14,
            "codename": "add_projectbillbridge"
        }
    }, {
        "model": "auth.permission",
        "pk": 54,
        "fields": {
            "name": "Can change project bill bridge",
            "content_type": 14,
            "codename": "change_projectbillbridge"
        }
    }, {
        "model": "auth.permission",
        "pk": 55,
        "fields": {
            "name": "Can delete project bill bridge",
            "content_type": 14,
            "codename": "delete_projectbillbridge"
        }
    }, {
        "model": "auth.permission",
        "pk": 56,
        "fields": {
            "name": "Can view project bill bridge",
            "content_type": 14,
            "codename": "view_projectbillbridge"
        }
    }, {
        "model": "auth.user",
        "pk": 1,
        "fields": {
            "password": "pbkdf2_sha256$260000$z7bb06AiMA08kAuSQhclmW$MLa8CJVKGhIId/MYhB0f1rFm8KbG8mipX8T2bGsrOSg=",
            "last_login": "2022-01-09T02:05:52.201Z",
            "is_superuser": true,
            "username": "admin",
            "first_name": "",
            "last_name": "",
            "email": "",
            "is_staff": true,
            "is_active": true,
            "date_joined": "2022-01-09T02:05:37.779Z",
            "groups": [],
            "user_permissions": []
        }
    }, {
        "model": "contenttypes.contenttype",
        "pk": 1,
        "fields": {
            "app_label": "admin",
            "model": "logentry"
        }
    }, {
        "model": "contenttypes.contenttype",
        "pk": 2,
        "fields": {
            "app_label": "auth",
            "model": "permission"
        }
    }, {
        "model": "contenttypes.contenttype",
        "pk": 3,
        "fields": {
            "app_label": "auth",
            "model": "group"
        }
    }, {
        "model": "contenttypes.contenttype",
        "pk": 4,
        "fields": {
            "app_label": "auth",
            "model": "user"
        }
    }, {
        "model": "contenttypes.contenttype",
        "pk": 5,
        "fields": {
            "app_label": "contenttypes",
            "model": "contenttype"
        }
    }, {
        "model": "contenttypes.contenttype",
        "pk": 6,
        "fields": {
            "app_label": "sessions",
            "model": "session"
        }
    }, {
        "model": "contenttypes.contenttype",
        "pk": 7,
        "fields": {
            "app_label": "imaging_system_app",
            "model": "services"
        }
    }, {
        "model": "contenttypes.contenttype",
        "pk": 8,
        "fields": {
            "app_label": "imaging_system_app",
            "model": "customer"
        }
    }, {
        "model": "contenttypes.contenttype",
        "pk": 9,
        "fields": {
            "app_label": "imaging_system_app",
            "model": "worker"
        }
    }, {
        "model": "contenttypes.contenttype",
        "pk": 10,
        "fields": {
            "app_label": "imaging_system_app",
            "model": "project"
        }
    }, {
        "model": "contenttypes.contenttype",
        "pk": 11,
        "fields": {
            "app_label": "imaging_system_app",
            "model": "workerprojectbridge"
        }
    }, {
        "model": "contenttypes.contenttype",
        "pk": 12,
        "fields": {
            "app_label": "imaging_system_app",
            "model": "bill"
        }
    }, {
        "model": "contenttypes.contenttype",
        "pk": 13,
        "fields": {
            "app_label": "imaging_system_app",
            "model": "projectbilldetails"
        }
    }, {
        "model": "contenttypes.contenttype",
        "pk": 14,
        "fields": {
            "app_label": "imaging_system_app",
            "model": "projectbillbridge"
        }
    }, {
        "model": "sessions.session",
        "pk": "nwk2awdxb85oun77qbqaf65zzpu2ft1e",
        "fields": {
            "session_data": ".eJxVjEsOwjAMBe-SNYqcxDSBJfueoXJslxZQIvWzQtydVuoCtm_mzdt0tC5Dt846daOYq3Hm9Ltl4qeWHciDyr1armWZxmx3xR50tm0Vfd0O9y8w0Dxs7wtCUI8CyAk5gjB5bgB9ItXsBLnpU4wMOaReti4jeBcwan8G8sl8vuU_OBg:1n6Nai:FsjE4Q6nTHyUlTUwbkid0iSiwOnhtsVntOR6PtOnAig",
            "expire_date": "2022-01-23T02:05:52.208Z"
        }
    }, {
        "model": "imaging_system_app.services",
        "pk": 1,
        "fields": {
            "cust_type": "Normal",
            "discount": 1.0,
            "jeol1200tem_cost": 50.0,
            "jeol100sem_cost": 55.0,
            "tem_processing_cost": 100.0,
            "sectioning_stained_cost": 40.0,
            "sectioning_contrast_stained_cost": 50.0,
            "negative_staining_cost": 10.0,
            "sem_processing_mounting_cost": 100.0,
            "sem_processing_fd_cost": 200.0,
            "sem_cost": 40.0,
            "immunolabelling_cost": 70.0,
            "cryosectioning_cost": 150.0,
            "freeze_fracture_cost": 100.0,
            "ir_white_cost": 80.0
        }
    }, {
        "model": "imaging_system_app.services",
        "pk": 2,
        "fields": {
            "cust_type": "In-House",
            "discount": 0.5,
            "jeol1200tem_cost": 25.0,
            "jeol100sem_cost": 27.5,
            "tem_processing_cost": 50.0,
            "sectioning_stained_cost": 20.0,
            "sectioning_contrast_stained_cost": 25.0,
            "negative_staining_cost": 5.0,
            "sem_processing_mounting_cost": 50.0,
            "sem_processing_fd_cost": 100.0,
            "sem_cost": 20.0,
            "immunolabelling_cost": 35.0,
            "cryosectioning_cost": 75.0,
            "freeze_fracture_cost": 50.0,
            "ir_white_cost": 40.0
        }
    }, {
        "model": "imaging_system_app.services",
        "pk": 3,
        "fields": {
            "cust_type": "Outside",
            "discount": 2.0,
            "jeol1200tem_cost": 100.0,
            "jeol100sem_cost": 110.0,
            "tem_processing_cost": 200.0,
            "sectioning_stained_cost": 80.0,
            "sectioning_contrast_stained_cost": 100.0,
            "negative_staining_cost": 20.0,
            "sem_processing_mounting_cost": 200.0,
            "sem_processing_fd_cost": 400.0,
            "sem_cost": 80.0,
            "immunolabelling_cost": 140.0,
            "cryosectioning_cost": 300.0,
            "freeze_fracture_cost": 200.0,
            "ir_white_cost": 160.0
        }
    }, {
        "model": "imaging_system_app.customer",
        "pk": 1,
        "fields": {
            "cust_name": "One Company",
            "cust_tel_no": "44734567891",
            "cust_email": "One@dummy-mail.com",
            "cust_budget_code": 102,
            "service_id": 1
        }
    }, {
        "model": "imaging_system_app.customer",
        "pk": 2,
        "fields": {
            "cust_name": "Company Two",
            "cust_tel_no": "44734567891",
            "cust_email": "CompanyTwo@dummy-mail.com",
            "cust_budget_code": 103,
            "service_id": 1
        }
    }, {
        "model": "imaging_system_app.customer",
        "pk": 3,
        "fields": {
            "cust_name": "Third Company",
            "cust_tel_no": "44734567891",
            "cust_email": "ThirdC@dummy-mail.com",
            "cust_budget_code": 112,
            "service_id": 2
        }
    }, {
        "model": "imaging_system_app.customer",
        "pk": 4,
        "fields": {
            "cust_name": "4Company",
            "cust_tel_no": "44734567891",
            "cust_email": "4company@dummy-mail.com",
            "cust_budget_code": 105,
            "service_id": 3
        }
    }, {
        "model": "imaging_system_app.customer",
        "pk": 5,
        "fields": {
            "cust_name": "FiveGuys Burger",
            "cust_tel_no": "44734567891",
            "cust_email": "FiveGuys@dummy-mail.com",
            "cust_budget_code": 121,
            "service_id": 3
        }
    }, {
        "model": "imaging_system_app.customer",
        "pk": 6,
        "fields": {
            "cust_name": "6th and Co.",
            "cust_tel_no": "44734567891",
            "cust_email": "6andCo@dummy-mail.com",
            "cust_budget_code": 116,
            "service_id": 2
        }
    }, {
        "model": "imaging_system_app.worker",
        "pk": 1,
        "fields": {
            "worker_name": "Sarah",
            "worker_tel_no": "44734567891",
            "worker_email": "Sarah.One@dummy-mail.com",
            "cust_id": 1
        }
    }, {
        "model": "imaging_system_app.worker",
        "pk": 2,
        "fields": {
            "worker_name": "James",
            "worker_tel_no": "44734567891",
            "worker_email": "James.One@dummy-mail.com",
            "cust_id": 1
        }
    }, {
        "model": "imaging_system_app.worker",
        "pk": 3,
        "fields": {
            "worker_name": "Keith",
            "worker_tel_no": "44734567891",
            "worker_email": "Keith.One@dummy-mail.com",
            "cust_id": 1
        }
    }, {
        "model": "imaging_system_app.worker",
        "pk": 4,
        "fields": {
            "worker_name": "Erica",
            "worker_tel_no": "44734567891",
            "worker_email": "Erica-CompanyTwo@dummy-mail.com",
            "cust_id": 2
        }
    }, {
        "model": "imaging_system_app.worker",
        "pk": 5,
        "fields": {
            "worker_name": "Molly",
            "worker_tel_no": "44734567891",
            "worker_email": "Molly-CompanyTwo@dummy-mail.com",
            "cust_id": 2
        }
    }, {
        "model": "imaging_system_app.worker",
        "pk": 6,
        "fields": {
            "worker_name": "John",
            "worker_tel_no": "44734567891",
            "worker_email": "John-CompanyTwo@dummy-mail.com",
            "cust_id": 2
        }
    }, {
        "model": "imaging_system_app.project",
        "pk": 1,
        "fields": {
            "cust_id": 1,
            "project_date": "2021-08-11",
            "num_samples": 9,
            "specimen_procedure": "",
            "chemical_fixation": "",
            "neg_staining": "",
            "cryofixation": "",
            "tem_embedding_schedule": "",
            "dehydration": "",
            "resin": "",
            "sem": "",
            "sem_mount": "",
            "fd": "",
            "cpd": "",
            "sem_cost": "",
            "temp_time": "",
            "immunolabelling": "",
            "first_dilution_time": "",
            "second_dilution_time": "",
            "contrast_staining": "",
            "comments_results": "",
            "status": 1
        }
    }, {
        "model": "imaging_system_app.project",
        "pk": 2,
        "fields": {
            "cust_id": 1,
            "project_date": "2021-08-23",
            "num_samples": 12,
            "specimen_procedure": "",
            "chemical_fixation": "",
            "neg_staining": "",
            "cryofixation": "",
            "tem_embedding_schedule": "",
            "dehydration": "",
            "resin": "",
            "sem": "",
            "sem_mount": "",
            "fd": "",
            "cpd": "",
            "sem_cost": "",
            "temp_time": "",
            "immunolabelling": "",
            "first_dilution_time": "",
            "second_dilution_time": "",
            "contrast_staining": "",
            "comments_results": "",
            "status": 2
        }
    }, {
        "model": "imaging_system_app.project",
        "pk": 3,
        "fields": {
            "cust_id": 1,
            "project_date": "2021-09-08",
            "num_samples": 18,
            "specimen_procedure": "",
            "chemical_fixation": "",
            "neg_staining": "",
            "cryofixation": "",
            "tem_embedding_schedule": "",
            "dehydration": "",
            "resin": "",
            "sem": "",
            "sem_mount": "",
            "fd": "",
            "cpd": "",
            "sem_cost": "",
            "temp_time": "",
            "immunolabelling": "",
            "first_dilution_time": "",
            "second_dilution_time": "",
            "contrast_staining": "",
            "comments_results": "",
            "status": 3
        }
    }, {
        "model": "imaging_system_app.project",
        "pk": 4,
        "fields": {
            "cust_id": 2,
            "project_date": "2021-09-29",
            "num_samples": 9,
            "specimen_procedure": "",
            "chemical_fixation": "",
            "neg_staining": "",
            "cryofixation": "",
            "tem_embedding_schedule": "",
            "dehydration": "",
            "resin": "",
            "sem": "",
            "sem_mount": "",
            "fd": "",
            "cpd": "",
            "sem_cost": "",
            "temp_time": "",
            "immunolabelling": "",
            "first_dilution_time": "",
            "second_dilution_time": "",
            "contrast_staining": "",
            "comments_results": "",
            "status": 1
        }
    }, {
        "model": "imaging_system_app.project",
        "pk": 5,
        "fields": {
            "cust_id": 2,
            "project_date": "2021-10-09",
            "num_samples": 7,
            "specimen_procedure": "",
            "chemical_fixation": "",
            "neg_staining": "",
            "cryofixation": "",
            "tem_embedding_schedule": "",
            "dehydration": "",
            "resin": "",
            "sem": "",
            "sem_mount": "",
            "fd": "",
            "cpd": "",
            "sem_cost": "",
            "temp_time": "",
            "immunolabelling": "",
            "first_dilution_time": "",
            "second_dilution_time": "",
            "contrast_staining": "",
            "comments_results": "",
            "status": 2
        }
    }, {
        "model": "imaging_system_app.project",
        "pk": 6,
        "fields": {
            "cust_id": 2,
            "project_date": "2021-10-15",
            "num_samples": 11,
            "specimen_procedure": "",
            "chemical_fixation": "",
            "neg_staining": "",
            "cryofixation": "",
            "tem_embedding_schedule": "",
            "dehydration": "",
            "resin": "",
            "sem": "",
            "sem_mount": "",
            "fd": "",
            "cpd": "",
            "sem_cost": "",
            "temp_time": "",
            "immunolabelling": "",
            "first_dilution_time": "",
            "second_dilution_time": "",
            "contrast_staining": "",
            "comments_results": "",
            "status": 3
        }
    }, {
        "model": "imaging_system_app.workerprojectbridge",
        "pk": 1,
        "fields": {
            "worker_id": 1,
            "project_id": 1
        }
    }, {
        "model": "imaging_system_app.workerprojectbridge",
        "pk": 2,
        "fields": {
            "worker_id": 2,
            "project_id": 2
        }
    }, {
        "model": "imaging_system_app.workerprojectbridge",
        "pk": 3,
        "fields": {
            "worker_id": 3,
            "project_id": 3
        }
    }, {
        "model": "imaging_system_app.workerprojectbridge",
        "pk": 4,
        "fields": {
            "worker_id": 4,
            "project_id": 4
        }
    }, {
        "model": "imaging_system_app.workerprojectbridge",
        "pk": 5,
        "fields": {
            "worker_id": 5,
            "project_id": 5
        }
    }, {
        "model": "imaging_system_app.workerprojectbridge",
        "pk": 6,
        "fields": {
            "worker_id": 6,
            "project_id": 6
        }
    }, {
        "model": "imaging_system_app.bill",
        "pk": 1,
        "fields": {
            "billing_date": "2021-11-12",
            "billing_address": "143, Fake street, Glasg",
            "total_cost": 180.0,
            "cust_id": 1
        }
    }, {
        "model": "imaging_system_app.bill",
        "pk": 2,
        "fields": {
            "billing_date": "2021-11-22",
            "billing_address": "111, DumDum street, Dum City",
            "total_cost": 292.5,
            "cust_id": 2
        }
    }, {
        "model": "imaging_system_app.projectbilldetails",
        "pk": 1,
        "fields": {
            "project_id": 1,
            "jeol1200tem_unit": 1.0,
            "jeol100sem_unit": null,
            "tem_processing_unit": null,
            "sectioning_stained_unit": null,
            "sectioning_contrast_stained_unit": null,
            "negative_staining_unit": null,
            "sem_processing_mounting_unit": null,
            "sem_processing_fd_unit": null,
            "sem_unit": null,
            "immunolabelling_unit": null,
            "cryosectioning_unit": null,
            "freeze_fracture_unit": null,
            "ir_white_unit": null,
            "extra1_name": "",
            "extra1_cost": null,
            "extra2_name": "",
            "extra2_cost": null,
            "extra3_name": "",
            "extra3_cost": null,
            "total": 50.0
        }
    }, {
        "model": "imaging_system_app.projectbilldetails",
        "pk": 2,
        "fields": {
            "project_id": 2,
            "jeol1200tem_unit": null,
            "jeol100sem_unit": 1.0,
            "tem_processing_unit": null,
            "sectioning_stained_unit": null,
            "sectioning_contrast_stained_unit": null,
            "negative_staining_unit": null,
            "sem_processing_mounting_unit": null,
            "sem_processing_fd_unit": null,
            "sem_unit": null,
            "immunolabelling_unit": null,
            "cryosectioning_unit": null,
            "freeze_fracture_unit": null,
            "ir_white_unit": null,
            "extra1_name": "",
            "extra1_cost": null,
            "extra2_name": "",
            "extra2_cost": null,
            "extra3_name": "",
            "extra3_cost": null,
            "total": 55.0
        }
    }, {
        "model": "imaging_system_app.projectbilldetails",
        "pk": 3,
        "fields": {
            "project_id": 3,
            "jeol1200tem_unit": 1.5,
            "jeol100sem_unit": null,
            "tem_processing_unit": null,
            "sectioning_stained_unit": null,
            "sectioning_contrast_stained_unit": null,
            "negative_staining_unit": null,
            "sem_processing_mounting_unit": null,
            "sem_processing_fd_unit": null,
            "sem_unit": null,
            "immunolabelling_unit": null,
            "cryosectioning_unit": null,
            "freeze_fracture_unit": null,
            "ir_white_unit": null,
            "extra1_name": "",
            "extra1_cost": null,
            "extra2_name": "",
            "extra2_cost": null,
            "extra3_name": "",
            "extra3_cost": null,
            "total": 75.0
        }
    }, {
        "model": "imaging_system_app.projectbilldetails",
        "pk": 4,
        "fields": {
            "project_id": 4,
            "jeol1200tem_unit": null,
            "jeol100sem_unit": 1.5,
            "tem_processing_unit": null,
            "sectioning_stained_unit": null,
            "sectioning_contrast_stained_unit": null,
            "negative_staining_unit": null,
            "sem_processing_mounting_unit": null,
            "sem_processing_fd_unit": null,
            "sem_unit": null,
            "immunolabelling_unit": null,
            "cryosectioning_unit": null,
            "freeze_fracture_unit": null,
            "ir_white_unit": null,
            "extra1_name": "",
            "extra1_cost": null,
            "extra2_name": "",
            "extra2_cost": null,
            "extra3_name": "",
            "extra3_cost": null,
            "total": 82.5
        }
    }, {
        "model": "imaging_system_app.projectbilldetails",
        "pk": 5,
        "fields": {
            "project_id": 5,
            "jeol1200tem_unit": 2.0,
            "jeol100sem_unit": null,
            "tem_processing_unit": null,
            "sectioning_stained_unit": null,
            "sectioning_contrast_stained_unit": null,
            "negative_staining_unit": null,
            "sem_processing_mounting_unit": null,
            "sem_processing_fd_unit": null,
            "sem_unit": null,
            "immunolabelling_unit": null,
            "cryosectioning_unit": null,
            "freeze_fracture_unit": null,
            "ir_white_unit": null,
            "extra1_name": "",
            "extra1_cost": null,
            "extra2_name": "",
            "extra2_cost": null,
            "extra3_name": "",
            "extra3_cost": null,
            "total": 100.0
        }
    }, {
        "model": "imaging_system_app.projectbilldetails",
        "pk": 6,
        "fields": {
            "project_id": 6,
            "jeol1200tem_unit": null,
            "jeol100sem_unit": 2.0,
            "tem_processing_unit": null,
            "sectioning_stained_unit": null,
            "sectioning_contrast_stained_unit": null,
            "negative_staining_unit": null,
            "sem_processing_mounting_unit": null,
            "sem_processing_fd_unit": null,
            "sem_unit": null,
            "immunolabelling_unit": null,
            "cryosectioning_unit": null,
            "freeze_fracture_unit": null,
            "ir_white_unit": null,
            "extra1_name": "",
            "extra1_cost": null,
            "extra2_name": "",
            "extra2_cost": null,
            "extra3_name": "",
            "extra3_cost": null,
            "total": 110.0
        }
    }, {
        "model": "imaging_system_app.projectbillbridge",
        "pk": 1,
        "fields": {
            "bill_id": 1,
            "project_bill_id": 1
        }
    }, {
        "model": "imaging_system_app.projectbillbridge",
        "pk": 2,
        "fields": {
            "bill_id": 1,
            "project_bill_id": 2
        }
    }, {
        "model": "imaging_system_app.projectbillbridge",
        "pk": 3,
        "fields": {
            "bill_id": 1,
            "project_bill_id": 3
        }
    }, {
        "model": "imaging_system_app.projectbillbridge",
        "pk": 4,
        "fields": {
            "bill_id": 2,
            "project_bill_id": 4
        }
    }, {
        "model": "imaging_system_app.projectbillbridge",
        "pk": 5,
        "fields": {
            "bill_id": 2,
            "project_bill_id": 5
        }
    }, {
        "model": "imaging_system_app.projectbillbridge",
        "pk": 6,
        "fields": {
            "bill_id": 2,
            "project_bill_id": 6
        }
    }
]
